{
  "matrix_path": "clustering_characterization/wanda/layer1-mlp.up_proj.pt",
  "matrix_name": "layer1-mlp.up_proj",
  "matrix_shape": [
    11008,
    4096
  ],
  "n_executions": 10,
  "n_features": 128,
  "n_clusters": 8,
  "aggregated_metrics": {
    "n_executions": 10,
    "hamming_min_mean": 5308.8,
    "hamming_min_std": 17.98777362543792,
    "hamming_max_mean": 5405.5,
    "hamming_max_std": 2.1095023109728985,
    "hamming_range_mean": 96.7,
    "hamming_range_std": 17.22817459860446,
    "mean_within_cluster_mean": 50.46060297871874,
    "mean_within_cluster_std": 0.3558080375013037,
    "mean_between_cluster_mean": 29.87857085802751,
    "mean_between_cluster_std": 9.36485806248999,
    "separation_ratio_mean": 0.5932555533315256,
    "separation_ratio_std": 0.1898583409302821,
    "total_inertia_mean": 329869.4726398207,
    "total_inertia_std": 2791.751008571602,
    "cluster_balance_mean": 18.58451185885932,
    "cluster_balance_std": 12.274986515997371
  },
  "individual_metrics": [
    {
      "main_feature_idx": 3174,
      "hamming_min": 5321,
      "hamming_max": 5407,
      "hamming_mean": 5390.609375,
      "hamming_std": 15.433442976516128,
      "mean_within_cluster": 50.717317834043655,
      "mean_between_cluster": 19.12440406941008,
      "separation_ratio": 0.37707838044568187,
      "total_inertia": 331832.9923968577,
      "cluster_sizes": [
        13,
        19,
        21,
        16,
        14,
        16,
        16,
        14
      ],
      "cluster_balance_std": 2.521780125229002
    },
    {
      "main_feature_idx": 3507,
      "hamming_min": 5302,
      "hamming_max": 5403,
      "hamming_mean": 5384.1015625,
      "hamming_std": 16.804407831238617,
      "mean_within_cluster": 50.014805732428606,
      "mean_between_cluster": 39.068100966524916,
      "separation_ratio": 0.7811307150833126,
      "total_inertia": 325735.1752525251,
      "cluster_sizes": [
        2,
        4,
        99,
        6,
        4,
        6,
        3,
        5
      ],
      "cluster_balance_std": 31.35058811250596
    },
    {
      "main_feature_idx": 860,
      "hamming_min": 5311,
      "hamming_max": 5406,
      "hamming_mean": 5382.1328125,
      "hamming_std": 20.96811980936402,
      "mean_within_cluster": 50.495212953356344,
      "mean_between_cluster": 32.82294538682599,
      "separation_ratio": 0.6500209320266724,
      "total_inertia": 329886.3196762424,
      "cluster_sizes": [
        4,
        4,
        4,
        6,
        5,
        86,
        17,
        3
      ],
      "cluster_balance_std": 26.746203001547716
    },
    {
      "main_feature_idx": 1294,
      "hamming_min": 5311,
      "hamming_max": 5408,
      "hamming_mean": 5390.6796875,
      "hamming_std": 17.15732969906284,
      "mean_within_cluster": 50.729469763900624,
      "mean_between_cluster": 19.398449542862174,
      "separation_ratio": 0.38239014981122904,
      "total_inertia": 332011.08824786305,
      "cluster_sizes": [
        9,
        18,
        20,
        19,
        13,
        20,
        14,
        16
      ],
      "cluster_balance_std": 3.6550478793033614
    },
    {
      "main_feature_idx": 1130,
      "hamming_min": 5290,
      "hamming_max": 5408,
      "hamming_mean": 5387.0703125,
      "hamming_std": 21.306609740931187,
      "mean_within_cluster": 50.5575725586563,
      "mean_between_cluster": 32.71575206661297,
      "separation_ratio": 0.6470989489983235,
      "total_inertia": 330675.06531165296,
      "cluster_sizes": [
        3,
        18,
        4,
        10,
        5,
        3,
        82,
        4
      ],
      "cluster_balance_std": 25.354671660268053
    },
    {
      "main_feature_idx": 1095,
      "hamming_min": 5316,
      "hamming_max": 5406,
      "hamming_mean": 5388.0859375,
      "hamming_std": 15.941311967529327,
      "mean_within_cluster": 50.537791434559644,
      "mean_between_cluster": 33.22437001054649,
      "separation_ratio": 0.6574163426505895,
      "total_inertia": 330497.98405797104,
      "cluster_sizes": [
        10,
        4,
        4,
        5,
        3,
        92,
        7,
        4
      ],
      "cluster_balance_std": 28.755162579961183
    },
    {
      "main_feature_idx": 3772,
      "hamming_min": 5275,
      "hamming_max": 5401,
      "hamming_mean": 5377.9921875,
      "hamming_std": 22.056212310023763,
      "mean_within_cluster": 49.57677476116917,
      "mean_between_cluster": 46.42116177819897,
      "separation_ratio": 0.936348965858065,
      "total_inertia": 323346.879854369,
      "cluster_sizes": [
        3,
        2,
        1,
        103,
        6,
        8,
        4,
        2
      ],
      "cluster_balance_std": 32.90682869861512
    },
    {
      "main_feature_idx": 3092,
      "hamming_min": 5346,
      "hamming_max": 5406,
      "hamming_mean": 5385.9609375,
      "hamming_std": 15.693052973245639,
      "mean_within_cluster": 50.56576509684065,
      "mean_between_cluster": 36.98680958815249,
      "separation_ratio": 0.7314595065914157,
      "total_inertia": 331302.94047619065,
      "cluster_sizes": [
        28,
        2,
        5,
        3,
        4,
        80,
        2,
        5
      ],
      "cluster_balance_std": 25.462901935953806
    },
    {
      "main_feature_idx": 1638,
      "hamming_min": 5315,
      "hamming_max": 5404,
      "hamming_mean": 5385.640625,
      "hamming_std": 16.650701174706576,
      "mean_within_cluster": 50.695901958607834,
      "mean_between_cluster": 19.374044842280604,
      "separation_ratio": 0.3821619518299352,
      "total_inertia": 331568.2664682539,
      "cluster_sizes": [
        16,
        13,
        15,
        15,
        26,
        14,
        12,
        18
      ],
      "cluster_balance_std": 4.106016926414211
    },
    {
      "main_feature_idx": 2169,
      "hamming_min": 5301,
      "hamming_max": 5406,
      "hamming_mean": 5387.2578125,
      "hamming_std": 17.264145510706395,
      "mean_within_cluster": 50.71541769362453,
      "mean_between_cluster": 19.64967032886035,
      "separation_ratio": 0.3874496400200313,
      "total_inertia": 331838.0146562818,
      "cluster_sizes": [
        15,
        25,
        23,
        17,
        11,
        12,
        11,
        15
      ],
      "cluster_balance_std": 4.985917668794783
    }
  ]
}